timestamp,posture,setup_ready,visible_landmarks,visibility_score,left_raw_left_elbow,left_smoothed_left_elbow,left_state,left_repetitions,left_rom_min,left_rom_max,left_rom,right_raw_right_elbow,right_smoothed_right_elbow,right_state,right_repetitions,right_rom_min,right_rom_max,right_rom
30385.3925687,UNKNOWN,True,6,0.6911406274884939,174.00442785270977,174.00442785270977,EXTENDED,0,174.00442785270977,174.00442785270977,0.0,166.99844239176255,166.99844239176255,EXTENDED,0,166.99844239176255,166.99844239176255,0.0
30385.4830459,UNKNOWN,True,6,0.6978993564844131,173.66571263191852,173.83507024231415,EXTENDED,0,173.83507024231415,174.00442785270977,0.1693576103956218,169.65595108957476,168.32719674066865,EXTENDED,0,166.99844239176255,168.32719674066865,1.3287543489061022
30385.5409348,UNKNOWN,True,6,0.7038288190960884,173.59670741827577,173.75561596763467,EXTENDED,0,173.75561596763467,174.00442785270977,0.24881188507509933,170.16632312553736,168.94023886895823,EXTENDED,0,166.99844239176255,168.94023886895823,1.9417964771956804
30385.6459266,UNKNOWN,True,6,0.7094393279403448,173.0807918773862,173.58690994507256,EXTENDED,0,173.58690994507256,174.00442785270977,0.41751790763720464,170.54281552275629,169.34088303240773,EXTENDED,0,166.99844239176255,169.34088303240773,2.3424406406451794
30385.718268,UNKNOWN,True,6,0.7149778995662928,173.03081671170068,173.4756912983982,EXTENDED,0,173.4756912983982,174.00442785270977,0.5287365543115641,170.26710434126926,169.52612729418004,EXTENDED,0,166.99844239176255,169.52612729418004,2.5276849024174908
30385.781414,SITTING,True,6,0.719487214460969,172.70411963792495,173.2156296554412,EXTENDED,0,173.2156296554412,174.00442785270977,0.7887981972685623,170.63438256734116,,EXTENDED,0,166.99844239176255,169.52612729418004,2.5276849024174908
30385.8378006,SITTING,True,6,0.7220793105661869,172.5306718334296,172.98862149574342,EXTENDED,0,172.98862149574342,174.00442785270977,1.0158063569663511,170.862626581896,,EXTENDED,0,166.99844239176255,169.52612729418004,2.5276849024174908
30385.9004193,SITTING,True,6,0.7232729233801365,172.34380145098044,172.7380403022844,EXTENDED,0,172.7380403022844,174.00442785270977,1.266387550425378,171.4072105474666,,EXTENDED,0,166.99844239176255,169.52612729418004,2.5276849024174908
30385.9568539,SITTING,True,6,0.7230359353125095,172.29114013029118,172.58010995286537,EXTENDED,0,172.58010995286537,174.00442785270977,1.4243178998443966,171.6469704582604,,EXTENDED,0,166.99844239176255,169.52612729418004,2.5276849024174908
30386.0229753,SITTING,True,6,0.7216896470636129,172.34671380931354,172.44328937238794,EXTENDED,0,172.44328937238794,174.00442785270977,1.56113848032183,171.52792497072656,,EXTENDED,0,166.99844239176255,169.52612729418004,2.5276849024174908
30386.0993903,SITTING,True,6,0.7219705618917942,172.3431115903744,172.37108776287783,EXTENDED,0,172.37108776287783,174.00442785270977,1.6333400898319326,171.43642344945638,,EXTENDED,0,166.99844239176255,169.52612729418004,2.5276849024174908
30386.1768402,SITTING,True,6,0.7189662922173738,172.52152704938135,172.3692588060682,EXTENDED,0,172.3692588060682,174.00442785270977,1.635169046641579,171.214242951358,,EXTENDED,0,166.99844239176255,169.52612729418004,2.5276849024174908
30386.2423859,SITTING,True,6,0.7148223575204611,172.85458077706264,172.47141467128463,EXTENDED,0,172.3692588060682,174.00442785270977,1.635169046641579,171.13179642142381,,EXTENDED,0,166.99844239176255,169.52612729418004,2.5276849024174908
30386.3016089,SITTING,True,6,0.7137873899191618,172.80047077133236,172.57328079949286,EXTENDED,0,172.3692588060682,174.00442785270977,1.635169046641579,171.3696164987443,,EXTENDED,0,166.99844239176255,169.52612729418004,2.5276849024174908
30386.3546968,SITTING,True,6,0.7136618252843618,172.7913679787128,172.66221163337272,EXTENDED,0,172.3692588060682,174.00442785270977,1.635169046641579,171.6068811320119,,EXTENDED,0,166.99844239176255,169.52612729418004,2.5276849024174908
30386.4249385,SITTING,True,6,0.7138068079948425,172.7668439725277,172.74695810980336,EXTENDED,0,172.3692588060682,174.00442785270977,1.635169046641579,171.76820680318858,,EXTENDED,0,166.99844239176255,169.52612729418004,2.5276849024174908
30386.4882076,SITTING,True,6,0.712068498134613,172.61876601079746,172.76640590208657,EXTENDED,0,172.3692588060682,174.00442785270977,1.635169046641579,173.16765068058157,,EXTENDED,0,166.99844239176255,169.52612729418004,2.5276849024174908
30386.5656916,SITTING,True,6,0.708876421675086,172.5254380569049,172.70057735805506,EXTENDED,0,172.3692588060682,174.00442785270977,1.635169046641579,172.8561678486983,,EXTENDED,0,166.99844239176255,169.52612729418004,2.5276849024174908
30386.6315931,SITTING,True,6,0.7066002599895,172.25221285793924,172.59092577537643,EXTENDED,0,172.3692588060682,174.00442785270977,1.635169046641579,172.96224419143027,,EXTENDED,0,166.99844239176255,169.52612729418004,2.5276849024174908
30386.7244862,SITTING,True,6,0.7040291000157595,171.92390292096547,172.41743276382695,EXTENDED,0,172.3692588060682,174.00442785270977,1.635169046641579,172.80438423017682,,EXTENDED,0,166.99844239176255,169.52612729418004,2.5276849024174908
30386.851243,SITTING,True,6,0.7010900937020779,171.6971670016457,172.2034973696506,EXTENDED,0,172.2034973696506,174.00442785270977,1.800930483059176,173.39404345429986,,EXTENDED,0,166.99844239176255,169.52612729418004,2.5276849024174908
30386.957744,SITTING,True,6,0.6996783819049597,171.62109402280038,172.00396297205117,EXTENDED,0,172.00396297205117,174.00442785270977,2.0004648806585976,173.27852575512225,,EXTENDED,0,166.99844239176255,169.52612729418004,2.5276849024174908
30387.0086643,SITTING,True,6,0.6975459083914757,171.51831961581183,171.80253928383254,EXTENDED,0,171.80253928383254,174.00442785270977,2.201888568877223,173.07957902182102,,EXTENDED,0,166.99844239176255,169.52612729418004,2.5276849024174908
30387.0862324,SITTING,True,6,0.6964260581880808,171.46986466903698,171.64606964605207,EXTENDED,0,171.64606964605207,174.00442785270977,2.358358206657698,173.0316648812851,,EXTENDED,0,166.99844239176255,169.52612729418004,2.5276849024174908
30387.1409684,SITTING,True,6,0.692628238350153,171.35142829668555,171.53157472119608,EXTENDED,0,171.53157472119608,174.00442785270977,2.4728531315136877,173.3545823616242,,EXTENDED,0,166.99844239176255,169.52612729418004,2.5276849024174908
30387.2144914,SITTING,True,6,0.6905213613063097,171.2162539368033,171.4353921082276,EXTENDED,0,171.4353921082276,174.00442785270977,2.5690357444821643,172.61048749042996,,EXTENDED,0,166.99844239176255,169.52612729418004,2.5276849024174908
30387.2789191,SITTING,True,6,0.6884909700602293,171.1255568596449,171.3362846755965,EXTENDED,0,171.3362846755965,174.00442785270977,2.6681431771132793,172.15709833749906,,EXTENDED,0,166.99844239176255,169.52612729418004,2.5276849024174908
30387.3371197,SITTING,True,6,0.6887438371777534,171.02690077976732,171.23800090838762,EXTENDED,0,171.23800090838762,174.00442785270977,2.7664269443221485,172.095238611081,,EXTENDED,0,166.99844239176255,169.52612729418004,2.5276849024174908
30387.4069942,SITTING,True,6,0.6876347903162241,170.93215221337078,171.13045841725437,EXTENDED,0,171.13045841725437,174.00442785270977,2.8739694354553933,172.05178473315,,EXTENDED,0,166.99844239176255,169.52612729418004,2.5276849024174908
30387.4599988,SITTING,True,6,0.6866407878696918,170.8674100735664,171.0336547726305,EXTENDED,0,171.0336547726305,174.00442785270977,2.9707730800792547,171.9781568764376,,EXTENDED,0,166.99844239176255,169.52612729418004,2.5276849024174908
30387.5339923,SITTING,True,6,0.683659678325057,170.8564876591881,170.96170151710749,EXTENDED,0,170.96170151710749,174.00442785270977,3.042726335602282,171.5381009895994,,EXTENDED,0,166.99844239176255,169.52612729418004,2.5276849024174908
30387.6019768,SITTING,True,6,0.685842651873827,170.87536406727284,170.9116629586331,EXTENDED,0,170.9116629586331,174.00442785270977,3.09276489407668,171.51128895875775,,EXTENDED,0,166.99844239176255,169.52612729418004,2.5276849024174908
30387.6677257,SITTING,True,6,0.686837425455451,170.8736412604897,170.8810110547776,EXTENDED,0,170.8810110547776,174.00442785270977,3.1234167979321796,171.48988411747695,,EXTENDED,0,166.99844239176255,169.52612729418004,2.5276849024174908
30387.7207858,SITTING,True,6,0.6861691772937775,170.88110601863596,170.8708018158306,EXTENDED,0,170.8708018158306,174.00442785270977,3.1336260368791784,171.43707144086721,,EXTENDED,0,166.99844239176255,169.52612729418004,2.5276849024174908
30387.7791157,SITTING,True,6,0.6859060246497393,170.8579652007376,170.86891284126483,EXTENDED,0,170.86891284126483,174.00442785270977,3.1355150114449373,171.49643680793432,,EXTENDED,0,166.99844239176255,169.52612729418004,2.5276849024174908
30387.8455765,SITTING,True,6,0.6851064749062061,170.90099159943279,170.87781362931378,EXTENDED,0,170.86891284126483,174.00442785270977,3.1355150114449373,171.5151206231232,,EXTENDED,0,166.99844239176255,169.52612729418004,2.5276849024174908
30387.9247616,SITTING,True,6,0.6837152373045683,170.90291947915446,170.8833247116901,EXTENDED,0,170.86891284126483,174.00442785270977,3.1355150114449373,171.48621625482312,,EXTENDED,0,166.99844239176255,169.52612729418004,2.5276849024174908
30387.9943108,SITTING,True,6,0.6826111041009426,170.8501222147973,170.87862090255163,EXTENDED,0,170.86891284126483,174.00442785270977,3.1355150114449373,171.56823619316094,,EXTENDED,0,166.99844239176255,169.52612729418004,2.5276849024174908
30388.0551203,SITTING,True,6,0.6810163483023643,170.80423504693596,170.8632467082116,EXTENDED,0,170.8632467082116,174.00442785270977,3.1411811444981765,171.40310977447075,,EXTENDED,0,166.99844239176255,169.52612729418004,2.5276849024174908
30388.1174161,SITTING,True,6,0.6790316123515368,170.53560969804232,170.79877560767255,EXTENDED,0,170.79877560767255,174.00442785270977,3.2056522450372142,172.11200892138785,,EXTENDED,0,166.99844239176255,169.52612729418004,2.5276849024174908
30388.1925424,SITTING,True,6,0.6796739492565393,170.52146163355783,170.7228696144976,EXTENDED,0,170.7228696144976,174.00442785270977,3.2815582382121704,171.94856956678578,,EXTENDED,0,166.99844239176255,169.52612729418004,2.5276849024174908
30388.2623668,SITTING,True,6,0.6807506904006004,170.50367055796906,170.64301983026047,EXTENDED,0,170.64301983026047,174.00442785270977,3.3614080224492966,171.8726013384288,,EXTENDED,0,166.99844239176255,169.52612729418004,2.5276849024174908
30388.330827,SITTING,True,6,0.6809605471789837,170.37549461605104,170.54809431051123,EXTENDED,0,170.54809431051123,174.00442785270977,3.4563335421985357,171.56778590488864,,EXTENDED,0,166.99844239176255,169.52612729418004,2.5276849024174908
30388.4060693,SITTING,True,6,0.6805382054299116,170.43103619817046,170.47345454075813,EXTENDED,0,170.47345454075813,174.00442785270977,3.530973311951641,171.1265077637618,,EXTENDED,0,166.99844239176255,169.52612729418004,2.5276849024174908
30388.4681929,SITTING,True,6,0.6798528116196394,170.48246064382204,170.46282472991408,EXTENDED,0,170.46282472991408,174.00442785270977,3.541603122795692,170.840891587581,,EXTENDED,0,166.99844239176255,169.52612729418004,2.5276849024174908
30388.5250288,SITTING,True,6,0.6803100053220987,170.53327745394708,170.46518789399195,EXTENDED,0,170.46282472991408,174.00442785270977,3.541603122795692,171.17512526105466,,EXTENDED,0,166.99844239176255,169.52612729418004,2.5276849024174908
30388.5792499,SITTING,True,6,0.6803462486714125,170.5299879438274,170.47045137116362,EXTENDED,0,170.46282472991408,174.00442785270977,3.541603122795692,171.72991423419867,,EXTENDED,0,166.99844239176255,169.52612729418004,2.5276849024174908
30388.6298305,SITTING,True,6,0.6803780850023031,170.52110819536287,170.49957408702596,EXTENDED,0,170.46282472991408,174.00442785270977,3.541603122795692,171.8035738432839,,EXTENDED,0,166.99844239176255,169.52612729418004,2.5276849024174908
30388.6951163,SITTING,True,6,0.6802611332386732,170.51167198724124,170.51570124484013,EXTENDED,0,170.46282472991408,174.00442785270977,3.541603122795692,171.83287484527432,,EXTENDED,0,166.99844239176255,169.52612729418004,2.5276849024174908
30388.7621383,SITTING,True,6,0.6802653931081295,170.5182169304477,170.52285250216525,EXTENDED,0,170.46282472991408,174.00442785270977,3.541603122795692,171.88167584977333,,EXTENDED,0,166.99844239176255,169.52612729418004,2.5276849024174908
30388.8371388,SITTING,True,6,0.6790686696767807,170.63862475138058,170.54392196165196,EXTENDED,0,170.46282472991408,174.00442785270977,3.541603122795692,171.8711388425462,,EXTENDED,0,166.99844239176255,169.52612729418004,2.5276849024174908
30388.9104411,SITTING,True,6,0.675708906725049,170.81004567824337,170.59993350853514,EXTENDED,0,170.46282472991408,174.00442785270977,3.541603122795692,171.91359377888293,,EXTENDED,0,166.99844239176255,169.52612729418004,2.5276849024174908
30388.9575755,SITTING,True,6,0.6728817857801914,170.91375728063528,170.67846332558963,EXTENDED,0,170.46282472991408,174.00442785270977,3.541603122795692,171.93946485367422,,EXTENDED,0,166.99844239176255,169.52612729418004,2.5276849024174908
30389.0007011,SITTING,True,6,0.6714169569313526,170.9846594466985,170.77306081748108,EXTENDED,0,170.46282472991408,174.00442785270977,3.541603122795692,171.67658314291978,,EXTENDED,0,166.99844239176255,169.52612729418004,2.5276849024174908
30389.0588383,SITTING,True,6,0.6720626149326563,170.98899191578613,170.86721581454876,EXTENDED,0,170.46282472991408,174.00442785270977,3.541603122795692,172.07817932391836,,EXTENDED,0,166.99844239176255,169.52612729418004,2.5276849024174908
30389.1010862,SITTING,True,6,0.6735434737056494,171.05422445380904,170.95033575503447,EXTENDED,0,170.46282472991408,174.00442785270977,3.541603122795692,172.3159714782227,,EXTENDED,0,166.99844239176255,169.52612729418004,2.5276849024174908
30389.1556134,SITTING,True,6,0.6743110474199057,171.04651598195724,170.99762981577723,EXTENDED,0,170.46282472991408,174.00442785270977,3.541603122795692,172.5125322802647,,EXTENDED,0,166.99844239176255,169.52612729418004,2.5276849024174908
30389.2051382,SITTING,True,6,0.6751685701310635,171.0532119121358,171.02552074207733,EXTENDED,0,170.46282472991408,174.00442785270977,3.541603122795692,172.67113773731316,,EXTENDED,0,166.99844239176255,169.52612729418004,2.5276849024174908
30389.2674239,SITTING,True,6,0.6761747933924198,170.98690163377245,171.02596917949214,EXTENDED,0,170.46282472991408,174.00442785270977,3.541603122795692,172.81661314840824,,EXTENDED,0,166.99844239176255,169.52612729418004,2.5276849024174908
30389.3232467,SITTING,True,6,0.6758915856480598,170.9753345982118,171.02323771597727,EXTENDED,0,170.46282472991408,174.00442785270977,3.541603122795692,172.7500967767368,,EXTENDED,0,166.99844239176255,169.52612729418004,2.5276849024174908
30389.3844867,SITTING,True,6,0.67557792365551,170.98232725343487,171.0088582759024,EXTENDED,0,170.46282472991408,174.00442785270977,3.541603122795692,172.68577618776774,,EXTENDED,0,166.99844239176255,169.52612729418004,2.5276849024174908
30389.4518215,SITTING,True,6,0.6758504826575518,170.96307618761062,170.9921703170331,EXTENDED,0,170.46282472991408,174.00442785270977,3.541603122795692,172.69751983449686,,EXTENDED,0,166.99844239176255,169.52612729418004,2.5276849024174908
30389.4997789,SITTING,True,6,0.6757538206875324,170.9221465055749,170.96595723572094,EXTENDED,0,170.46282472991408,174.00442785270977,3.541603122795692,172.72790382177575,,EXTENDED,0,166.99844239176255,169.52612729418004,2.5276849024174908
30389.5700952,SITTING,True,6,0.6748462039977312,170.99378967018544,170.96733484300353,EXTENDED,0,170.46282472991408,174.00442785270977,3.541603122795692,172.68729767487343,,EXTENDED,0,166.99844239176255,169.52612729418004,2.5276849024174908
30389.6447448,SITTING,True,6,0.6748228333890438,171.2178176492619,171.01583145321356,EXTENDED,0,170.46282472991408,174.00442785270977,3.541603122795692,172.61970075867154,,EXTENDED,0,166.99844239176255,169.52612729418004,2.5276849024174908
30389.7050235,SITTING,True,6,0.6752803605049849,171.3522261577362,171.0898112340738,EXTENDED,0,170.46282472991408,174.00442785270977,3.541603122795692,172.82084920050406,,EXTENDED,0,166.99844239176255,169.52612729418004,2.5276849024174908
30389.7694795,SITTING,True,6,0.6733467988669872,171.56434362508455,171.21006472156859,EXTENDED,0,170.46282472991408,174.00442785270977,3.541603122795692,172.8354548925722,,EXTENDED,0,166.99844239176255,169.52612729418004,2.5276849024174908
30389.8243459,SITTING,True,6,0.6685226149857044,171.6768659960296,171.36100861965957,EXTENDED,0,170.46282472991408,174.00442785270977,3.541603122795692,173.09542381999617,,EXTENDED,0,166.99844239176255,169.52612729418004,2.5276849024174908
30389.8893964,SITTING,True,6,0.6637444254010916,171.79523352096274,171.521297389815,EXTENDED,0,170.46282472991408,174.00442785270977,3.541603122795692,173.2661704514142,,EXTENDED,0,166.99844239176255,169.52612729418004,2.5276849024174908
30389.9387422,SITTING,True,6,0.6638060510158539,171.4375196514129,171.5652377902452,EXTENDED,0,170.46282472991408,174.00442785270977,3.541603122795692,174.51308590385244,,EXTENDED,0,166.99844239176255,169.52612729418004,2.5276849024174908
30389.9942017,SITTING,True,6,0.6649100333452225,171.50647798794574,171.59608815628712,EXTENDED,0,170.46282472991408,174.00442785270977,3.541603122795692,174.98979405055007,,EXTENDED,0,166.99844239176255,169.52612729418004,2.5276849024174908
30390.0469748,SITTING,True,6,0.6663193311542273,171.57208137971122,171.59763570721245,EXTENDED,0,170.46282472991408,174.00442785270977,3.541603122795692,175.29490859117,,EXTENDED,0,166.99844239176255,169.52612729418004,2.5276849024174908
30390.1055665,SITTING,True,6,0.665716914460063,171.54845703430692,171.57195391486792,EXTENDED,0,170.46282472991408,174.00442785270977,3.541603122795692,175.6299635874798,,EXTENDED,0,166.99844239176255,169.52612729418004,2.5276849024174908
30390.1601459,SITTING,True,6,0.664927689358592,171.55028690008137,171.52296459069163,EXTENDED,0,170.46282472991408,174.00442785270977,3.541603122795692,175.7878042785181,,EXTENDED,0,166.99844239176255,169.52612729418004,2.5276849024174908
30390.2198274,SITTING,True,6,0.6654543671756983,171.71760054551055,171.57898076951113,EXTENDED,0,170.46282472991408,174.00442785270977,3.541603122795692,175.88489915195834,,EXTENDED,0,166.99844239176255,169.52612729418004,2.5276849024174908
30390.2908027,SITTING,True,6,0.6643100921064615,171.8802017014485,171.6537255122117,EXTENDED,0,170.46282472991408,174.00442785270977,3.541603122795692,175.78393132894305,,EXTENDED,0,166.99844239176255,169.52612729418004,2.5276849024174908
30390.3493627,SITTING,True,6,0.6640612538903952,172.0518838529987,171.7496860068692,EXTENDED,0,170.46282472991408,174.00442785270977,3.541603122795692,175.53650249683037,,EXTENDED,0,166.99844239176255,169.52612729418004,2.5276849024174908
30390.4163025,SITTING,True,6,0.6641770023852587,172.17188973936896,171.8743725478816,EXTENDED,0,170.46282472991408,174.00442785270977,3.541603122795692,175.41254353654517,,EXTENDED,0,166.99844239176255,169.52612729418004,2.5276849024174908
30390.4732345,SITTING,True,6,0.666302090510726,172.2091797118369,172.0061511102327,EXTENDED,0,170.46282472991408,174.00442785270977,3.541603122795692,175.3600909188274,,EXTENDED,0,166.99844239176255,169.52612729418004,2.5276849024174908
30390.5129123,SITTING,True,6,0.6683841291815042,172.2371735522328,172.11006571157716,EXTENDED,0,170.46282472991408,174.00442785270977,3.541603122795692,175.31826895662084,,EXTENDED,0,166.99844239176255,169.52612729418004,2.5276849024174908
30390.586618,SITTING,True,6,0.6698502078652382,172.76712571740816,172.2874505147691,EXTENDED,0,170.46282472991408,174.00442785270977,3.541603122795692,175.30363265890125,,EXTENDED,0,166.99844239176255,169.52612729418004,2.5276849024174908
30390.6349705,SITTING,True,6,0.6702975202351809,173.01655913123278,172.4803855704159,EXTENDED,0,170.46282472991408,174.00442785270977,3.541603122795692,175.217105991278,,EXTENDED,0,166.99844239176255,169.52612729418004,2.5276849024174908
30390.6822358,SITTING,True,6,0.6706377100199461,173.18800165860864,172.68360795426386,EXTENDED,0,170.46282472991408,174.00442785270977,3.541603122795692,175.13782481187397,,EXTENDED,0,166.99844239176255,169.52612729418004,2.5276849024174908
30390.7537504,SITTING,True,6,0.6707849744707346,173.55981095561424,172.95373420301934,EXTENDED,0,170.46282472991408,174.00442785270977,3.541603122795692,175.1072861086721,,EXTENDED,0,166.99844239176255,169.52612729418004,2.5276849024174908
30390.8409118,SITTING,True,6,0.6698524430394173,173.68354627518977,173.24300874761073,EXTENDED,0,170.46282472991408,174.00442785270977,3.541603122795692,175.40708994237573,,EXTENDED,0,166.99844239176255,169.52612729418004,2.5276849024174908
30390.9120374,SITTING,True,6,0.6709682699292898,173.62104341332957,173.41379228679503,EXTENDED,0,170.46282472991408,174.00442785270977,3.541603122795692,175.3204156741307,,EXTENDED,0,166.99844239176255,169.52612729418004,2.5276849024174908
30390.9826531,SITTING,True,6,0.6682260688394308,173.58112061245075,173.52670458303857,EXTENDED,0,170.46282472991408,174.00442785270977,3.541603122795692,175.24370105506907,,EXTENDED,0,166.99844239176255,169.52612729418004,2.5276849024174908
30391.0320618,SITTING,True,6,0.6702505294233561,172.834087391734,173.45592172966366,EXTENDED,0,170.46282472991408,174.00442785270977,3.541603122795692,175.5920735541532,,EXTENDED,0,166.99844239176255,169.52612729418004,2.5276849024174908
30391.1043607,SITTING,True,6,0.6682401299476624,172.12735632262738,173.1694308030663,EXTENDED,0,170.46282472991408,174.00442785270977,3.541603122795692,175.72836767948198,,EXTENDED,0,166.99844239176255,169.52612729418004,2.5276849024174908
30391.1820336,SITTING,True,6,0.6666784659028053,172.09501627238066,172.8517248025045,EXTENDED,0,170.46282472991408,174.00442785270977,3.541603122795692,175.57581880405547,,EXTENDED,0,166.99844239176255,169.52612729418004,2.5276849024174908
30391.2446336,SITTING,True,6,0.6652282495051622,172.11013515125538,172.54954315008962,EXTENDED,0,170.46282472991408,174.00442785270977,3.541603122795692,175.38235348342928,,EXTENDED,0,166.99844239176255,169.52612729418004,2.5276849024174908
30391.3057562,SITTING,True,6,0.665933171287179,172.19058525533057,172.2714360786656,EXTENDED,0,170.46282472991408,174.00442785270977,3.541603122795692,175.2195237496425,,EXTENDED,0,166.99844239176255,169.52612729418004,2.5276849024174908
30391.3586395,SITTING,True,6,0.6661045756191015,172.25428884122826,172.15547636856445,EXTENDED,0,170.46282472991408,174.00442785270977,3.541603122795692,175.02656598206818,,EXTENDED,0,166.99844239176255,169.52612729418004,2.5276849024174908
30391.4260272,SITTING,True,6,0.6661956645548344,172.28942961485922,172.1878910270108,EXTENDED,0,170.46282472991408,174.00442785270977,3.541603122795692,174.81574614182628,,EXTENDED,0,166.99844239176255,169.52612729418004,2.5276849024174908
30391.48721,SITTING,True,6,0.6656296253204346,172.28508650745368,172.2259050740254,EXTENDED,0,170.46282472991408,174.00442785270977,3.541603122795692,174.7198833472774,,EXTENDED,0,166.99844239176255,169.52612729418004,2.5276849024174908
30391.5497691,SITTING,True,6,0.6652776710689068,172.20659432291774,172.2451969083579,EXTENDED,0,170.46282472991408,174.00442785270977,3.541603122795692,174.26927883894925,,EXTENDED,0,166.99844239176255,169.52612729418004,2.5276849024174908
30391.5933525,SITTING,True,6,0.6648859456181526,172.20419050314334,172.24791795792044,EXTENDED,0,170.46282472991408,174.00442785270977,3.541603122795692,173.94089820073717,,EXTENDED,0,166.99844239176255,169.52612729418004,2.5276849024174908
30391.6499212,SITTING,True,6,0.6610375437885523,172.11637109715977,172.22033440910675,EXTENDED,0,170.46282472991408,174.00442785270977,3.541603122795692,173.86374654176882,,EXTENDED,0,166.99844239176255,169.52612729418004,2.5276849024174908
30391.753385,SITTING,True,6,0.6640958152711391,172.10721726051892,172.1838919382387,EXTENDED,0,170.46282472991408,174.00442785270977,3.541603122795692,173.98574418966797,,EXTENDED,0,166.99844239176255,169.52612729418004,2.5276849024174908
30391.8612366,SITTING,True,6,0.6669602617621422,172.12524316823752,172.15192327039546,EXTENDED,0,170.46282472991408,174.00442785270977,3.541603122795692,174.07163954369662,,EXTENDED,0,166.99844239176255,169.52612729418004,2.5276849024174908
30391.9344379,SITTING,True,6,0.6716511100530624,172.09517278541296,172.1296389628945,EXTENDED,0,170.46282472991408,174.00442785270977,3.541603122795692,174.18872941059587,,EXTENDED,0,166.99844239176255,169.52612729418004,2.5276849024174908
30392.0049874,SITTING,True,6,0.6761242095381021,172.58911675222697,172.20662421271123,EXTENDED,0,170.46282472991408,174.00442785270977,3.541603122795692,174.09908707313758,,EXTENDED,0,166.99844239176255,169.52612729418004,2.5276849024174908
30392.0736481,SITTING,True,6,0.68045474588871,172.72187231574017,172.3277244564273,EXTENDED,0,170.46282472991408,174.00442785270977,3.541603122795692,174.10614484238954,,EXTENDED,0,166.99844239176255,169.52612729418004,2.5276849024174908
30392.130164,SITTING,True,6,0.6841259449720383,172.78776274896364,172.46383355411626,EXTENDED,0,170.46282472991408,174.00442785270977,3.541603122795692,174.1468025612347,,EXTENDED,0,166.99844239176255,169.52612729418004,2.5276849024174908
30392.1776614,SITTING,True,6,0.68581822514534,172.90735513886438,172.62025594824163,EXTENDED,0,170.46282472991408,174.00442785270977,3.541603122795692,174.23550417984455,,EXTENDED,0,166.99844239176255,169.52612729418004,2.5276849024174908
30392.2433143,SITTING,True,6,0.689577667042613,173.3770258386407,172.8766265588872,EXTENDED,0,170.46282472991408,174.00442785270977,3.541603122795692,174.41387945742048,,EXTENDED,0,166.99844239176255,169.52612729418004,2.5276849024174908
30392.3235094,SITTING,True,6,0.6927822846919298,173.68778488430328,173.09636018530244,EXTENDED,0,170.46282472991408,174.00442785270977,3.541603122795692,174.52838412272027,,EXTENDED,0,166.99844239176255,169.52612729418004,2.5276849024174908
30392.3774765,SITTING,True,6,0.6957283206284046,173.65342427631455,173.28267057741732,EXTENDED,0,170.46282472991408,174.00442785270977,3.541603122795692,174.54190580170888,,EXTENDED,0,166.99844239176255,169.52612729418004,2.5276849024174908
30392.4388454,SITTING,True,6,0.6981481406837702,173.6210756227334,173.44933315217128,EXTENDED,0,170.46282472991408,174.00442785270977,3.541603122795692,174.55133079905033,,EXTENDED,0,166.99844239176255,169.52612729418004,2.5276849024174908
30392.5119112,SITTING,True,6,0.6967203542590141,173.3883292066833,173.54552796573506,EXTENDED,0,170.46282472991408,174.00442785270977,3.541603122795692,174.63352302623983,,EXTENDED,0,166.99844239176255,169.52612729418004,2.5276849024174908
30392.5860246,SITTING,True,6,0.7032554987818003,173.38426208964765,173.54697521593647,EXTENDED,0,170.46282472991408,174.00442785270977,3.541603122795692,175.1216832753931,,EXTENDED,0,166.99844239176255,169.52612729418004,2.5276849024174908
30392.6518584,SITTING,True,6,0.6928487084805965,173.1727885998961,173.443975959055,EXTENDED,0,170.46282472991408,174.00442785270977,3.541603122795692,172.28494590154062,,EXTENDED,0,166.99844239176255,169.52612729418004,2.5276849024174908
30392.712136,SITTING,True,6,0.6840487830340862,173.02951667684252,173.31919443916058,EXTENDED,0,170.46282472991408,174.00442785270977,3.541603122795692,171.46481205781808,,EXTENDED,0,166.99844239176255,169.52612729418004,2.5276849024174908
30392.7723536,SITTING,True,6,0.6805922836065292,172.97894921660696,173.1907691579353,EXTENDED,0,170.46282472991408,174.00442785270977,3.541603122795692,167.06069265285106,,EXTENDED,0,166.99844239176255,169.52612729418004,2.5276849024174908
30392.8318009,SITTING,True,6,0.6782250218093395,172.95509992793262,173.1041233021852,EXTENDED,0,170.46282472991408,174.00442785270977,3.541603122795692,165.79786189510534,,EXTENDED,0,166.99844239176255,169.52612729418004,2.5276849024174908
30392.9052513,SITTING,True,6,0.6735368985682726,173.712744213472,173.16981972695004,EXTENDED,0,170.46282472991408,174.00442785270977,3.541603122795692,144.44215547653923,,EXTENDED,0,166.99844239176255,169.52612729418004,2.5276849024174908
30392.9620232,SITTING,True,6,0.6718362849205732,173.66275841089592,173.26781368915002,EXTENDED,0,170.46282472991408,174.00442785270977,3.541603122795692,151.93001744197542,,EXTENDED,0,166.99844239176255,169.52612729418004,2.5276849024174908
30393.0267632,SITTING,True,6,0.6651827432215214,173.6617882559869,173.39426800497887,EXTENDED,0,170.46282472991408,174.00442785270977,3.541603122795692,146.15987845759025,,EXTENDED,0,166.99844239176255,169.52612729418004,2.5276849024174908
30393.086196,SITTING,True,6,0.6719570308923721,173.31126890294448,173.46073194224635,EXTENDED,0,170.46282472991408,174.00442785270977,3.541603122795692,24.84072338706669,,EXTENDED,0,166.99844239176255,169.52612729418004,2.5276849024174908
30393.1431468,SITTING,True,6,0.658762950450182,174.31131175575217,173.73197430781028,EXTENDED,0,170.46282472991408,174.00442785270977,3.541603122795692,15.364126520075427,139.1992641198426,EXTENDED,0,139.1992641198426,169.52612729418004,30.326863174337433
30393.2016351,SITTING,True,6,0.6588788665831089,174.27583801467114,173.8445930680501,EXTENDED,0,170.46282472991408,174.00442785270977,3.541603122795692,14.670535803831598,108.202181062694,EXTENDED,0,108.202181062694,169.52612729418004,61.32394623148605
30393.2684912,SITTING,True,6,0.6428279168903828,174.19036794454672,173.95011497478032,EXTENDED,0,170.46282472991408,174.00442785270977,3.541603122795692,10.675382748726292,76.30399298733178,FLEXED,0,76.30399298733178,169.52612729418004,93.22213430684826
30393.3365622,SITTING,True,6,0.6376017518341541,172.93617615859654,173.80499255530222,EXTENDED,0,170.46282472991408,174.00442785270977,3.541603122795692,9.86344623430199,44.168119129640914,FLEXED,0,44.168119129640914,169.52612729418004,125.35800816453913
30393.4063989,SITTING,True,6,0.6361637189984322,172.41850487692403,173.62643975009814,EXTENDED,0,170.46282472991408,174.00442785270977,3.541603122795692,8.647879516149011,11.844274164616865,FLEXED,0,11.844274164616865,169.52612729418004,157.68185312956317
30393.4659643,STANDING,True,6,0.6516059935092926,171.21263400541855,173.00670420003138,EXTENDED,0,170.46282472991408,174.00442785270977,3.541603122795692,8.641443752685733,10.499737611138924,FLEXED,0,10.499737611138924,169.52612729418004,159.02638968304112
30393.5215555,STANDING,True,6,0.6530890390276909,170.18489316743305,172.1885152305838,EXTENDED,0,170.46282472991408,174.00442785270977,3.541603122795692,8.680498412640581,9.30173013290072,FLEXED,0,9.30173013290072,169.52612729418004,160.2243971612793
30393.5901813,STANDING,True,6,0.6528759263455868,169.47778963743463,171.24599956916137,EXTENDED,0,170.46282472991408,174.00442785270977,3.541603122795692,8.723685038840587,8.91139059092358,FLEXED,0,8.91139059092358,169.52612729418004,160.61473670325645
30393.6674666,STANDING,True,6,0.6462929956614971,169.2488012212346,170.50852458168896,EXTENDED,0,170.46282472991408,174.00442785270977,3.541603122795692,8.616010507372957,8.661903445537773,FLEXED,0,8.661903445537773,169.52612729418004,160.86422384864227
30393.7227072,STANDING,True,6,0.6494582928717136,168.1703008605459,169.65888377841333,EXTENDED,0,169.65888377841333,174.00442785270977,4.345544074296441,8.320410192607033,8.596409580829377,FLEXED,0,8.596409580829377,169.52612729418004,160.92971771335067
30393.7692938,STANDING,True,6,0.654286976903677,167.60612609293835,168.9375821959173,EXTENDED,0,168.9375821959173,174.00442785270977,5.066845656792481,8.271022010930212,8.522325232478273,FLEXED,0,8.522325232478273,169.52612729418004,161.00380206170178
30393.8391831,STANDING,True,6,0.6495547778904438,167.5050506905288,168.40161370053644,EXTENDED,0,168.40161370053644,174.00442785270977,5.602814152173323,8.402328887923789,8.466691327534914,FLEXED,0,8.466691327534914,169.52612729418004,161.05943596664514
30393.8943386,STANDING,True,6,0.6436500400304794,167.44747102849217,167.99554997874796,EXTENDED,0,167.99554997874796,174.00442785270977,6.008877873961808,8.420509208468003,8.406056161460398,FLEXED,0,8.406056161460398,169.52612729418004,161.12007113271966
30393.9587458,STANDING,True,6,0.6432147920131683,167.38075250135347,167.62194023477173,EXTENDED,0,167.62194023477173,174.00442785270977,6.38248761793804,8.23266122162928,8.329386304311663,FLEXED,0,8.329386304311663,169.52612729418004,161.19674098986837
30394.0263046,STANDING,True,6,0.6414791010320187,167.25264050607373,167.43840816387728,EXTENDED,0,167.43840816387728,174.00442785270977,6.566019688832483,8.274048692845133,8.320114004359283,FLEXED,0,8.320114004359283,169.52612729418004,161.20601328982076
30394.0891152,STANDING,True,6,0.6401439383625984,167.14652651225558,167.34648824774075,EXTENDED,0,167.34648824774075,174.00442785270977,6.657939604969016,8.286638697214796,8.3232373416162,FLEXED,0,8.320114004359283,169.52612729418004,161.20601328982076
30394.1691287,STANDING,True,6,0.6444666460156441,167.27933164979046,167.3013444395931,EXTENDED,0,167.3013444395931,174.00442785270977,6.703083413116673,8.1969476399099,8.282161092013423,FLEXED,0,8.282161092013423,169.52612729418004,161.24396620216663
30394.2361517,STANDING,True,6,0.6548368409276009,167.25547848040398,167.26294592997547,EXTENDED,0,167.26294592997547,174.00442785270977,6.741481922734295,8.292358240955354,8.256530898510892,FLEXED,0,8.256530898510892,169.52612729418004,161.26959639566914
30394.2929719,STANDING,True,6,0.6650585383176804,167.30651996237938,167.24809942218064,EXTENDED,0,167.24809942218064,174.00442785270977,6.756328430529123,8.28494902057311,8.26698845829966,FLEXED,0,8.256530898510892,169.52612729418004,161.26959639566914
30394.364486,STANDING,True,6,0.6670379228889942,167.9909697721927,167.39576527540441,EXTENDED,0,167.24809942218064,174.00442785270977,6.756328430529123,8.382675804709885,8.288713880672608,FLEXED,0,8.256530898510892,169.52612729418004,161.26959639566914
30394.4302712,STANDING,True,6,0.6694527566432953,168.54985785264333,167.67643154348195,EXTENDED,0,167.24809942218064,174.00442785270977,6.756328430529123,8.41504759069124,8.314395659367896,FLEXED,0,8.256530898510892,169.52612729418004,161.26959639566914
30394.4979892,STANDING,True,6,0.6714039780199528,168.94649717094345,168.00986464771256,EXTENDED,0,167.24809942218064,174.00442785270977,6.756328430529123,8.426965870328614,8.36039930545164,FLEXED,0,8.256530898510892,169.52612729418004,161.26959639566914
30394.5643685,STANDING,True,6,0.6805383041501045,168.76663536478523,168.3120960245888,EXTENDED,0,167.24809942218064,174.00442785270977,6.756328430529123,8.326176963608821,8.367163049982334,FLEXED,0,8.256530898510892,169.52612729418004,161.26959639566914
30394.6232909,STANDING,True,6,0.6788553893566132,168.65079958997424,168.5809519501078,EXTENDED,0,167.24809942218064,174.00442785270977,6.756328430529123,8.244680338154202,8.359109313498553,FLEXED,0,8.256530898510892,169.52612729418004,161.26959639566914
30394.6890596,STANDING,True,6,0.6794561520218849,168.55400241065306,168.69355847779985,EXTENDED,0,167.24809942218064,174.00442785270977,6.756328430529123,8.214806367591613,8.325535426074898,FLEXED,0,8.256530898510892,169.52612729418004,161.26959639566914
30394.751641,STANDING,True,7,0.6950631588697433,168.0927020909499,168.6021273254612,EXTENDED,0,167.24809942218064,174.00442785270977,6.756328430529123,8.288684672576556,8.30026284245196,FLEXED,0,8.256530898510892,169.52612729418004,161.26959639566914
30394.8009271,STANDING,True,7,0.7077237330377102,167.21053637355902,168.2549351659843,EXTENDED,0,167.24809942218064,174.00442785270977,6.756328430529123,8.23393708714727,8.261657085815692,FLEXED,0,8.256530898510892,169.52612729418004,161.26959639566914
30394.8795641,STANDING,True,8,0.7170488610863686,166.69618132649987,167.84084435832722,EXTENDED,0,167.24809942218064,174.00442785270977,6.756328430529123,8.1008007050523,8.216581834104389,FLEXED,0,8.216581834104389,169.52612729418004,161.30954546007564
30394.9545707,STANDING,True,8,0.73008868470788,166.70889245383322,167.45246293109898,EXTENDED,0,167.24809942218064,174.00442785270977,6.756328430529123,8.071320071827076,8.181909780838962,FLEXED,0,8.181909780838962,169.52612729418004,161.34421751334108
30395.0104429,STANDING,True,8,0.7412582635879517,166.5928650189758,167.06023545276355,EXTENDED,0,167.06023545276355,174.00442785270977,6.944192399946218,8.059947305543348,8.150937968429309,FLEXED,0,8.150937968429309,169.52612729418004,161.37518932575074
30395.0559514,STANDING,True,8,0.7515379302203655,166.45821573083632,166.73333818074084,EXTENDED,0,166.73333818074084,174.00442785270977,7.271089671968923,8.085417890408921,8.110284611995782,FLEXED,0,8.110284611995782,169.52612729418004,161.41584268218426
30395.1158584,STANDING,True,8,0.7615607604384422,166.38408486538287,166.5680478791056,EXTENDED,0,166.5680478791056,174.00442785270977,7.436379973604176,8.094128954823663,8.08232298553106,FLEXED,0,8.08232298553106,169.52612729418004,161.443804308649
30395.1925415,STANDING,True,8,0.7709097191691399,166.36523868375147,166.50185935055595,EXTENDED,0,166.50185935055595,174.00442785270977,7.502568502153821,8.11682664190885,8.085528172902373,FLEXED,0,8.08232298553106,169.52612729418004,161.443804308649
30395.2660791,STANDING,True,8,0.7681914716959,167.04264977624788,166.56861081503888,EXTENDED,0,166.50185935055595,174.00442785270977,7.502568502153821,9.477743420774344,8.366812842691825,FLEXED,0,8.08232298553106,169.52612729418004,161.443804308649
30395.3337963,STANDING,True,8,0.7747321352362633,167.4031339138652,166.73066459401676,EXTENDED,0,166.50185935055595,174.00442785270977,7.502568502153821,16.05258932749066,9.96534124708129,FLEXED,0,8.08232298553106,169.52612729418004,161.443804308649
30395.4122108,STANDING,True,8,0.7731401696801186,167.97198681912835,167.03341881167518,EXTENDED,0,166.50185935055595,174.00442785270977,7.502568502153821,21.80019084165537,12.708295837330576,FLEXED,0,8.08232298553106,169.52612729418004,161.443804308649
30395.477628,STANDING,True,8,0.7718309238553047,168.31296232052196,167.41919430270298,EXTENDED,0,166.50185935055595,174.00442785270977,7.502568502153821,23.011204416244684,15.69171092961478,FLEXED,0,8.08232298553106,169.52612729418004,161.443804308649
30395.5422076,STANDING,True,8,0.7646043449640274,170.29728176144556,168.2056029182418,EXTENDED,0,166.50185935055595,174.00442785270977,7.502568502153821,29.18619606983536,19.905584815200083,FLEXED,0,8.08232298553106,169.52612729418004,161.443804308649
30395.5983595,STANDING,True,8,0.7372500710189342,170.68984499910903,168.935041962814,EXTENDED,0,166.50185935055595,174.00442785270977,7.502568502153821,40.906033699266885,26.191242870898588,FLEXED,0,8.08232298553106,169.52612729418004,161.443804308649
30395.6729794,STANDING,True,8,0.7116378210484982,170.85496937330535,169.62540905470206,EXTENDED,0,166.50185935055595,174.00442785270977,7.502568502153821,42.08404840164362,31.397534685729187,FLEXED,0,8.08232298553106,169.52612729418004,161.443804308649
30395.728141,STANDING,True,8,0.7002718523144722,171.8872222368049,170.40845613823734,EXTENDED,0,166.50185935055595,174.00442785270977,7.502568502153821,76.2469199532156,42.28688050804122,FLEXED,0,8.08232298553106,169.52612729418004,161.443804308649
30395.7976018,STANDING,True,7,0.6982081197202206,172.02155019002834,171.1501737121386,EXTENDED,0,166.50185935055595,174.00442785270977,7.502568502153821,134.91554073143473,64.66774777107923,FLEXED,0,8.08232298553106,169.52612729418004,161.443804308649
30395.8504821,STANDING,True,7,0.6935282424092293,172.706145243934,171.63194640863634,EXTENDED,0,166.50185935055595,174.00442785270977,7.502568502153821,144.47164534144522,87.72483762540121,FLEXED,0,8.08232298553106,169.52612729418004,161.443804308649
30395.9031199,STANDING,True,7,0.688413105905056,172.51922216426294,171.9978218416671,EXTENDED,0,166.50185935055595,174.00442785270977,7.502568502153821,161.2810796549906,111.79984681654597,FLEXED,0,8.08232298553106,169.52612729418004,161.443804308649
30395.9747912,STANDING,True,7,0.6830190606415272,172.65821685608967,172.35847133822398,EXTENDED,0,166.50185935055595,174.00442785270977,7.502568502153821,161.3722857280162,135.65749428182045,FLEXED,0,8.08232298553106,169.52612729418004,161.443804308649
30396.0374384,STANDING,True,6,0.6735620871186256,173.92281424965003,172.76558974079302,EXTENDED,0,166.50185935055595,174.00442785270977,7.502568502153821,161.16840112590248,152.64179051635784,FLEXED,0,8.08232298553106,169.52612729418004,161.443804308649
30396.096615,STANDING,True,6,0.6673107743263245,174.4389328262842,173.24906626804417,EXTENDED,0,166.50185935055595,174.00442785270977,7.502568502153821,161.60412880398806,157.9795081308685,FLEXED,0,8.08232298553106,169.52612729418004,161.443804308649
30396.1564004,STANDING,True,6,0.6613654382526875,174.92407629179115,173.69265247761558,EXTENDED,0,166.50185935055595,174.00442785270977,7.502568502153821,161.48029855005404,161.38123877259028,EXTENDED,1,8.08232298553106,169.52612729418004,161.443804308649
30396.2032667,STANDING,True,6,0.6628221981227398,175.05537916550213,174.19988387786344,EXTENDED,0,166.50185935055595,174.19988387786344,7.698024527307496,161.4758930549747,161.4202014525871,EXTENDED,1,8.08232298553106,169.52612729418004,161.443804308649
30396.2652392,STANDING,True,6,0.6669882871210575,174.96041073069668,174.66032265278483,EXTENDED,0,166.50185935055595,174.66032265278483,8.158463302228881,162.01112741823985,161.54796979063184,EXTENDED,1,8.08232298553106,169.52612729418004,161.443804308649
30396.3421945,STANDING,True,6,0.6703194044530392,174.8431486856988,174.8443895399946,EXTENDED,0,166.50185935055595,174.8443895399946,8.342530189438662,160.61893454226603,161.43807647390454,EXTENDED,1,8.08232298553106,169.52612729418004,161.443804308649
30396.415148,STANDING,True,6,0.6733350045979023,175.2305365494838,175.0027102846345,EXTENDED,0,166.50185935055595,175.0027102846345,8.500850934078557,159.69886660879413,161.05702403486575,EXTENDED,1,8.08232298553106,169.52612729418004,161.443804308649
30396.4784517,STANDING,True,6,0.6776043809950352,175.244683260935,175.06683167846327,EXTENDED,0,166.50185935055595,175.06683167846327,8.564972327907327,159.64447804074024,160.689859933003,EXTENDED,1,8.08232298553106,169.52612729418004,161.443804308649
30396.529358,STANDING,True,6,0.6815216094255447,175.26899330852538,175.10955450706794,EXTENDED,0,166.50185935055595,175.10955450706794,8.607695156511994,159.5823036903902,160.31114206008607,EXTENDED,1,8.08232298553106,169.52612729418004,161.443804308649
30396.5864117,STANDING,True,6,0.6844287998974323,174.74131299423252,175.06573495977509,EXTENDED,0,166.50185935055595,175.10955450706794,8.607695156511994,160.7668612272085,160.06228882187983,EXTENDED,1,8.08232298553106,169.52612729418004,161.443804308649
30396.6334429,STANDING,True,6,0.6860374249517918,174.44628463460373,174.9863621495561,EXTENDED,0,166.50185935055595,175.10955450706794,8.607695156511994,160.6461468477667,160.06773128297996,EXTENDED,1,8.08232298553106,169.52612729418004,161.443804308649
30396.7105256,STANDING,True,6,0.6885819546878338,174.35969122788345,174.81219308523603,EXTENDED,0,166.50185935055595,175.10955450706794,8.607695156511994,160.59179766057446,160.24631749333602,EXTENDED,1,8.08232298553106,169.52612729418004,161.443804308649
30396.7736668,STANDING,True,6,0.6883882395923138,174.29380984533157,174.62201840211532,EXTENDED,0,166.50185935055595,175.10955450706794,8.607695156511994,161.3468889674404,160.58679967867607,EXTENDED,1,8.08232298553106,169.52612729418004,161.443804308649
30396.838107,STANDING,True,6,0.6894469819962978,174.26212921544789,174.42064558349983,EXTENDED,0,166.50185935055595,175.10955450706794,8.607695156511994,161.7687565727315,161.0240902551443,EXTENDED,1,8.08232298553106,169.52612729418004,161.443804308649
30396.9030603,STANDING,True,6,0.686998326331377,173.4987292961327,174.17212884387988,EXTENDED,0,166.50185935055595,175.10955450706794,8.607695156511994,163.7520143472147,161.62112087914556,EXTENDED,1,8.08232298553106,169.52612729418004,161.443804308649
30396.964251,STANDING,True,6,0.6887524873018265,173.37331445627947,173.95753480821503,EXTENDED,0,166.50185935055595,175.10955450706794,8.607695156511994,165.89437662259795,162.67076683411182,EXTENDED,1,8.08232298553106,169.52612729418004,161.443804308649
30397.0392924,STANDING,True,6,0.6916065067052841,172.96496530849643,173.67858962433758,EXTENDED,0,166.50185935055595,175.10955450706794,8.607695156511994,166.83982579494233,163.9203724609854,EXTENDED,1,8.08232298553106,169.52612729418004,161.443804308649
30397.0959592,STANDING,True,6,0.6879201531410217,172.92698027477923,173.40522371022715,EXTENDED,0,166.50185935055595,175.10955450706794,8.607695156511994,167.96917135641186,165.24482893877968,EXTENDED,1,8.08232298553106,169.52612729418004,161.443804308649
30397.1429042,STANDING,True,6,0.6889903135597706,172.47287627693188,173.04737312252394,EXTENDED,0,166.50185935055595,175.10955450706794,8.607695156511994,168.73032346346824,166.63714231692703,EXTENDED,1,8.08232298553106,169.52612729418004,161.443804308649
30397.2132782,SITTING,True,6,0.6895730160176754,171.89900727268733,172.72742871783487,EXTENDED,0,166.50185935055595,175.10955450706794,8.607695156511994,168.50722739728567,167.5881849269412,EXTENDED,1,8.08232298553106,169.52612729418004,161.443804308649
30397.2821384,SITTING,True,6,0.6885677631944418,171.61192101792582,172.37515003016412,EXTENDED,0,166.50185935055595,175.10955450706794,8.607695156511994,168.65922085389528,168.14115377320067,EXTENDED,1,8.08232298553106,169.52612729418004,161.443804308649
30397.3367625,SITTING,True,6,0.6880427673459053,171.64923587982122,172.1120041444291,EXTENDED,0,166.50185935055595,175.10955450706794,8.607695156511994,168.5099368308231,168.47517598037683,EXTENDED,1,8.08232298553106,169.52612729418004,161.443804308649
30397.3871048,SITTING,True,6,0.6870638430118561,171.64990216032703,171.85658852153864,EXTENDED,0,166.50185935055595,175.10955450706794,8.607695156511994,168.30489199515085,168.5423201081246,EXTENDED,1,8.08232298553106,169.52612729418004,161.443804308649
30397.4437325,SITTING,True,6,0.6862354297190905,171.8402413129507,171.7300615287424,EXTENDED,0,166.50185935055595,175.10955450706794,8.607695156511994,167.3777528264574,168.27180598072246,EXTENDED,1,8.08232298553106,169.52612729418004,161.443804308649
30397.5011698,SITTING,True,6,0.6855391561985016,171.90487705468223,171.73123548514135,EXTENDED,0,166.50185935055595,175.10955450706794,8.607695156511994,167.64030776493917,168.09842205425315,EXTENDED,1,8.08232298553106,169.52612729418004,161.443804308649
30397.5765028,SITTING,True,6,0.68353720754385,171.94760362841208,171.79837200723864,EXTENDED,0,166.50185935055595,175.10955450706794,8.607695156511994,168.30286336237677,168.02715055594948,EXTENDED,1,8.08232298553106,169.52612729418004,161.443804308649
30397.6362064,SITTING,True,6,0.6870083529502153,172.01906202814052,171.87233723690252,EXTENDED,0,166.50185935055595,175.10955450706794,8.607695156511994,169.00208696798975,168.1255805833828,EXTENDED,1,8.08232298553106,169.52612729418004,161.443804308649
30397.6868555,SITTING,True,6,0.6889559682458639,171.7715887633834,171.8966745575138,EXTENDED,0,166.50185935055595,175.10955450706794,8.607695156511994,169.32706629339398,168.3300154430314,EXTENDED,1,8.08232298553106,169.52612729418004,161.443804308649
30397.7505944,SITTING,True,6,0.6893151924014091,171.47038950545993,171.82270419601565,EXTENDED,0,166.50185935055595,175.10955450706794,8.607695156511994,170.17564755847673,168.88959438943527,EXTENDED,1,8.08232298553106,169.52612729418004,161.443804308649
30397.8273031,SITTING,True,6,0.6880347635596991,170.91100750971543,171.62393028702226,EXTENDED,0,166.50185935055595,175.10955450706794,8.607695156511994,171.1285350370754,169.5872398438625,EXTENDED,1,8.08232298553106,169.5872398438625,161.50491685833146
30397.8852715,SITTING,True,6,0.686484582722187,170.58169579049516,171.35074871943888,EXTENDED,0,166.50185935055595,175.10955450706794,8.607695156511994,171.21508744986087,170.16968466135936,EXTENDED,1,8.08232298553106,170.16968466135936,162.0873616758283
30397.9474059,SITTING,True,6,0.6885979007929564,170.38222313953162,171.0233809417171,EXTENDED,0,166.50185935055595,175.10955450706794,8.607695156511994,171.34052054223363,170.63737137620814,EXTENDED,1,8.08232298553106,170.63737137620814,162.5550483906771
30398.0097145,SITTING,True,6,0.6909828223288059,169.95419808257697,170.65990280555584,EXTENDED,0,166.50185935055595,175.10955450706794,8.607695156511994,171.00446391583432,170.9728509006962,EXTENDED,1,8.08232298553106,170.9728509006962,162.89052791516514
30398.1025714,SITTING,True,6,0.6937212478369474,169.65404710123428,170.29663432471068,EXTENDED,0,166.50185935055595,175.10955450706794,8.607695156511994,170.79835521018506,171.09739243103786,EXTENDED,1,8.08232298553106,171.09739243103786,163.0150694455068
30398.184084,SITTING,True,6,0.6999357603490353,169.82299791657456,170.07903240608252,EXTENDED,0,166.50185935055595,175.10955450706794,8.607695156511994,169.41562487186152,170.75481039799507,EXTENDED,1,8.08232298553106,171.09739243103786,163.0150694455068
30398.247336,SITTING,True,6,0.7007724456489086,170.67474936340616,170.0976431206647,EXTENDED,0,166.50185935055595,175.10955450706794,8.607695156511994,168.72323409946702,170.2564397279163,EXTENDED,1,8.08232298553106,171.09739243103786,163.0150694455068
30398.306965,SITTING,True,6,0.7015972957015038,171.0102596549618,170.22325042375076,EXTENDED,0,166.50185935055595,175.10955450706794,8.607695156511994,168.09831910544267,169.6079994405581,EXTENDED,1,8.08232298553106,171.09739243103786,163.0150694455068
30398.3715569,SITTING,True,6,0.701958641409874,171.39747838885688,170.51190648500673,EXTENDED,0,166.50185935055595,175.10955450706794,8.607695156511994,170.01387368796986,169.40988139498523,EXTENDED,1,8.08232298553106,171.09739243103786,163.0150694455068
30398.4448302,SITTING,True,6,0.7067710570991039,171.92872715525579,170.96684249581102,EXTENDED,0,166.50185935055595,175.10955450706794,8.607695156511994,172.0543141111573,169.66107317517967,EXTENDED,1,8.08232298553106,171.09739243103786,163.0150694455068
30398.5097698,SITTING,True,6,0.7109016329050064,172.2331196191043,171.44886683631697,EXTENDED,0,166.50185935055595,175.10955450706794,8.607695156511994,172.3202414816583,170.24199649713904,EXTENDED,1,8.08232298553106,171.09739243103786,163.0150694455068
30398.5699617,SITTING,True,6,0.715885866433382,172.59741798915383,171.83340056146648,EXTENDED,0,166.50185935055595,175.10955450706794,8.607695156511994,173.45509897424364,171.18836947209434,EXTENDED,1,8.08232298553106,171.18836947209434,163.1060464865633
30398.6229327,SITTING,True,6,0.7196489162743092,172.9467007361489,172.22068877770394,EXTENDED,0,166.50185935055595,175.10955450706794,8.607695156511994,169.70612454889041,171.50993056078389,EXTENDED,1,8.08232298553106,171.50993056078389,163.42760757525284
30398.6877392,SITTING,True,6,0.7231799028813839,173.1522042801477,172.5716339559621,EXTENDED,0,166.50185935055595,175.10955450706794,8.607695156511994,168.23876556347432,171.15490893588478,EXTENDED,1,8.08232298553106,171.50993056078389,163.42760757525284
30398.7485621,SITTING,True,6,0.7226922698318958,173.21561323663423,172.82901117223778,EXTENDED,0,166.50185935055595,175.10955450706794,8.607695156511994,166.1069273230506,169.96543157826346,EXTENDED,1,8.08232298553106,171.50993056078389,163.42760757525284
30398.7991015,SITTING,True,6,0.724438589066267,173.0621881234216,172.99482487310127,EXTENDED,0,166.50185935055595,175.10955450706794,8.607695156511994,165.2342782216685,,EXTENDED,1,8.08232298553106,171.50993056078389,163.42760757525284
30398.8557436,SITTING,True,6,0.7274140156805515,173.24055170645846,173.12345161656216,EXTENDED,0,166.50185935055595,175.10955450706794,8.607695156511994,163.1330515247442,,EXTENDED,1,8.08232298553106,171.50993056078389,163.42760757525284
30398.9138763,SITTING,True,6,0.7353361770510674,173.79022561234194,173.2921565918008,EXTENDED,0,166.50185935055595,175.10955450706794,8.607695156511994,161.0100402580392,167.70339133353963,EXTENDED,1,8.08232298553106,171.50993056078389,163.42760757525284
30398.9551256,SITTING,True,7,0.7414469122886658,174.69599654224947,173.60091504422113,EXTENDED,0,166.50185935055595,175.10955450706794,8.607695156511994,160.28916434011032,165.070204406713,EXTENDED,1,8.08232298553106,171.50993056078389,163.42760757525284
30399.0121552,SITTING,True,7,0.7435970455408096,173.83774014821412,173.72534042653714,EXTENDED,0,166.50185935055595,175.10955450706794,8.607695156511994,160.09290717370115,,EXTENDED,1,8.08232298553106,171.50993056078389,163.42760757525284
30399.087804,SITTING,True,7,0.745274480432272,174.81082080979792,174.0750669638124,EXTENDED,0,166.50185935055595,175.10955450706794,8.607695156511994,158.10027604735342,,EXTENDED,1,8.08232298553106,171.50993056078389,163.42760757525284
30399.1635403,SITTING,True,7,0.7488190829753876,175.6238127208232,174.55171916668533,EXTENDED,0,166.50185935055595,175.10955450706794,8.607695156511994,156.58957544845794,,EXTENDED,1,8.08232298553106,171.50993056078389,163.42760757525284
30399.2374999,SITTING,True,7,0.7492285259068012,176.99298628604166,175.19227130142528,EXTENDED,0,166.50185935055595,175.19227130142528,8.690411950869333,157.6425716810435,,EXTENDED,1,8.08232298553106,171.50993056078389,163.42760757525284
30399.2959475,SITTING,True,6,0.7404149360954762,179.22500318976375,176.09807263092813,EXTENDED,0,166.50185935055595,176.09807263092813,9.596213280372183,159.32247138556394,,EXTENDED,1,8.08232298553106,171.50993056078389,163.42760757525284
30399.3444826,SITTING,True,6,0.7374006919562817,179.93815324663444,177.31815525061216,EXTENDED,0,166.50185935055595,177.31815525061216,10.816295900056218,159.5883158739771,,EXTENDED,1,8.08232298553106,171.50993056078389,163.42760757525284
30399.3977529,SITTING,True,6,0.7304466515779495,179.39389277725118,178.23476964410284,EXTENDED,0,166.50185935055595,178.23476964410284,11.732910293546894,159.0901695761179,,EXTENDED,1,8.08232298553106,171.50993056078389,163.42760757525284
30399.470525,SITTING,True,6,0.7322639673948288,178.98845582821946,178.9076982655821,EXTENDED,0,166.50185935055595,178.9076982655821,12.405838915026152,160.21400383115272,,EXTENDED,1,8.08232298553106,171.50993056078389,163.42760757525284
30399.5274506,SITTING,True,6,0.7290259934961796,179.15391583398113,179.33988417517,EXTENDED,0,166.50185935055595,179.33988417517,12.838024824614052,160.2559265564965,,EXTENDED,1,8.08232298553106,171.50993056078389,163.42760757525284
30399.5768264,SITTING,True,6,0.7286784127354622,179.5798355803385,179.41085065328494,EXTENDED,0,166.50185935055595,179.41085065328494,12.908991302728992,160.5489242545175,,EXTENDED,1,8.08232298553106,171.50993056078389,163.42760757525284
30399.619103,SITTING,True,6,0.7297614365816116,179.84713169011403,179.39264634198088,EXTENDED,0,166.50185935055595,179.41085065328494,12.908991302728992,159.717424978838,,EXTENDED,1,8.08232298553106,171.50993056078389,163.42760757525284
30399.6753543,SITTING,True,6,0.74032137170434,178.2245990956302,179.15878760565664,EXTENDED,0,166.50185935055595,179.41085065328494,12.908991302728992,155.7276196654367,162.27450343002224,EXTENDED,1,8.08232298553106,171.50993056078389,163.42760757525284
30399.7340084,SITTING,True,6,0.7492617517709732,177.1139818673559,178.78389281348396,EXTENDED,0,166.50185935055595,179.41085065328494,12.908991302728992,158.5134823109137,160.32944677951008,EXTENDED,1,8.08232298553106,171.50993056078389,163.42760757525284
30399.7936545,SITTING,True,6,0.7464469261467457,176.95069191314647,178.34324802931704,EXTENDED,0,166.50185935055595,179.41085065328494,12.908991302728992,157.54014595590283,158.61609050608055,EXTENDED,1,8.08232298553106,171.50993056078389,163.42760757525284
30399.8581467,SITTING,True,6,0.7510808520019054,173.29562004442596,177.0864049221345,EXTENDED,0,166.50185935055595,179.41085065328494,12.908991302728992,155.31546730708325,157.47717591588938,EXTENDED,1,8.08232298553106,171.50993056078389,163.42760757525284
30399.9062013,STANDING,True,6,0.7505988404154778,172.38943707187548,175.5948659984868,EXTENDED,0,166.50185935055595,179.41085065328494,12.908991302728992,156.29903092793745,156.67914923345478,EXTENDED,1,8.08232298553106,171.50993056078389,163.42760757525284
30399.9851294,STANDING,True,6,0.7275609113276005,175.65909965028294,175.08176610941737,EXTENDED,0,166.50185935055595,179.41085065328494,12.908991302728992,158.5406864164461,157.24176258365668,EXTENDED,1,8.08232298553106,171.50993056078389,163.42760757525284
30400.047201,STANDING,True,6,0.714666098356247,177.129134483746,175.08479663269537,EXTENDED,0,166.50185935055595,179.41085065328494,12.908991302728992,150.2001462866092,155.57909537879578,EXTENDED,1,8.08232298553106,171.50993056078389,163.42760757525284
30400.1106166,STANDING,True,6,0.6963766627013683,177.22252245975312,175.13916274201668,EXTENDED,0,166.50185935055595,179.41085065328494,12.908991302728992,135.06270889001524,151.08360796561823,EXTENDED,1,8.08232298553106,171.50993056078389,163.42760757525284
30400.1913438,STANDING,True,6,0.6803497038781643,178.7973762863109,176.2395139903937,EXTENDED,0,166.50185935055595,179.41085065328494,12.908991302728992,137.9502481610033,147.61056413640225,EXTENDED,1,8.08232298553106,171.50993056078389,163.42760757525284
30400.2665626,STANDING,True,6,0.6775997504591942,179.3509884976983,177.63182427555824,EXTENDED,0,166.50185935055595,179.41085065328494,12.908991302728992,169.57114706786555,150.26498736438788,EXTENDED,1,8.08232298553106,171.50993056078389,163.42760757525284
30400.3327433,STANDING,True,6,0.6513775885105133,168.13593493530772,176.1271913325632,EXTENDED,0,166.50185935055595,179.41085065328494,12.908991302728992,153.89096378161298,149.33504283742124,EXTENDED,1,8.08232298553106,171.50993056078389,163.42760757525284
30400.400007,STANDING,True,6,0.6375924665480852,166.05480697076223,173.91232582996645,EXTENDED,0,166.50185935055595,179.41085065328494,12.908991302728992,157.86645839497308,,EXTENDED,1,8.08232298553106,171.50993056078389,163.42760757525284
30400.4645377,STANDING,True,6,0.645099988207221,171.8289767201654,172.83361668204893,EXTENDED,0,166.50185935055595,179.41085065328494,12.908991302728992,151.14132802036042,149.52327918417149,EXTENDED,1,8.08232298553106,171.50993056078389,163.42760757525284
30400.5275663,STANDING,True,6,0.6267121098935604,171.28900663513525,171.33194275181378,EXTENDED,0,166.50185935055595,179.41085065328494,12.908991302728992,151.3127036022441,152.7732781266173,EXTENDED,1,8.08232298553106,171.50993056078389,163.42760757525284
30400.5964302,STANDING,True,6,0.5897920373827219,171.64912116515723,169.79156928530557,EXTENDED,0,166.50185935055595,179.41085065328494,12.908991302728992,149.1933785118354,155.0219041967837,EXTENDED,1,8.08232298553106,171.50993056078389,163.42760757525284
